00017817734714,11064394302439008484
00017817796163,4810221553945958000
00017817804516,17277246831358177999
00042406088879,5346533728443139525
00045496420055,11521600189795741647
00045496420284,10711310431946056587
00045496424169,11904337029955312846
00045496426071,12750022806387197528
00045496426262,793736755589202790
00045496426392,9010674658531835925
00045496427306,4387186531541918319
00045496430528,17197363860031529961
00045496430566,12904153250973661640
00045496431303,16342783758867636977
00045496431310,12100648081397488854
00045496431495,12595868403239081811
00045496452599,16644388045837261120
00045496452629,16029746435979286000
00045496453350,None
00089723999853,17327464934579658192
00097855119551,15170385838439821240
00097855131942,4247084856129244106
00097855162045,2370345100780174562
00097855163806,11152380048869997443
00190198001733,14515355679867961335
00190198107077,124084990676533146
00190198383570,3720340301690084275
00190198442024,13042870704572633503
00190198496201,11001877720386955266
00190198659538,14839344643447980858
00190198734846,5575132533701122030
00190198734860,6936584684787121531
00190198763105,12981138009155576159
00190198764829,11537747410871991757
00190198798329,5374563536046614687
00190198806024,16985711857662718337
00190198806567,None
00190198806833,None
00190198886866,18256279001531175128
00190198893376,7069726823646876754
00190198905048,10961905256221168851
00190199223363,11657989604911428968
00190199263208,9735809739229248288
00190199263239,16356101629488781662
00190199269057,11824358818079410558
00190199269149,1229298197338662752
00190199287747,11854967459962693566
00190199291379,15348791825494824423
00190199306899,3289227566348052183
00190199314795,4398308319192853249
00190199315068,16065647379286585199
00190199315891,9005124141485578754
00190199532670,11056374066798614474
00190199532960,8469612224853035560
00190199535039,583955417087361349
00190199535046,6995741110403760529
00190199568334,16575633370799454136
00190199568914,13829834590516957072
00190199569966,None
00190199599840,13898905020057766856
00190199607651,None
00190199608085,None
00190199608511,None
00190199610408,15527388552757266314
00190199610439,12025148139547100522
00190199610521,5593992527631119286
00190199777279,12382321406680008658
00190199777552,8977970713652028886
00190199777835,932916146822718242
00190199778115,17775895780921515172
00190199778399,2193198318009578179
00190199778955,785008538082066219
00190199779235,4668568226680498138
00190199779518,6346193709856323550
00190199779792,15499203811566074856
00190199788848,14503109946277980863
00190199789128,15174171499602545686
00190199789401,1842223749121770060
00190199789685,5271669701748287650
00190199789968,6918860892085016846
00190199790247,9466506846486216349
00190199790803,11008794449567988822
00190199791084,6071103283502062865
00190199791367,13623630483165287359
00190199807891,None
00190199833593,16819874947171160759
00190199835245,15445181431185963164
00190199835900,12927713503800116239
00190199836563,9422617634675313991
00190199837553,None
00190199840522,11315892715795547444
00190199841185,None
00190199841840,15952540517120974358
00190199865433,None
00190780570982,10633383008826071884
00190781030195,16698409518898524754
00190781037460,6479871441141741662
00190781106975,18039093290657368748
00190781106982,5010056922836334173
00190781107088,18171468969120893341
00190781107101,12680334443626414997
00190781107118,7647083984939627667
00190781107132,3725925759530947562
00190781107149,7588930578158776155
00190781107156,11805199305437251765
00190781429401,7051250081276232598
00190781638254,3159664424135793120
00191999788403,5741530919820429609
00192018369726,None
00192018610804,13348965241112879100
00192018780880,3475660430139716638
00192018996106,4999840467613782647
00192018996892,None
00192076019854,3756432975440349130
00192158239569,11918142422059495440
00192330629904,8057759168480628247
00192545654487,8548834225451948805
00192545654494,9927098305355404864
00193015506459,14645363318551798979
00193015506749,15157764518503802511
00193015507128,8974526640459527093
00193124366227,2163556515604214172
00193124916453,8675719880965721640
00193386077527,9611596691113824159
00193424172702,7495414203891969855
00193424172801,14689320348295241086
00193424172818,7216227487233765711
00193424172825,188044800640532628
00193424172832,11656074741670514185
00193424413348,18428186094263780284
00193575004624,10245512000246714962
00193575004631,12165232717651605964
00193638970552,1991603589368492966
00193638970866,7093615001944201910
00193638978053,11526141257300495407
00193638980544,1820751833075784625
00193905208531,4149152851866189377
00193905208715,5853985085911837456
00193905265176,16069670899028390913
00193905265183,2511476423064478343
00193905265190,10116793719167479464
00193905265206,13915268997667470895
00193905484942,None
00193905485673,12478308320569235206
00193905486571,3198870549178952398
00193905486779,7266860880842978396
00193905578924,3157862746271407351
00193905934560,None
00194252013120,17642246256066435652
00194252013465,15105576107273060628
00194252013809,12786672552788459303
00194252014141,3682195057293306753
00194252014486,None
00194252014820,15158200456877829702
00194252015162,369155305759507136
00194252015506,12514562385071312219
00194252015841,1174818388609931972
00194252016183,7598085510868464469
00194252016527,8577885702774240308
00194252016862,12021454335251056418
00194252017203,12888080745267687340
00194252017548,8186842209543908305
00194252017883,1532290840050781184
00194252022139,5488637603452493058
00194252025109,6700643862453560848
00194252025154,4972508414733775254
00194252029527,None
00194252029862,4832077415325889457
00194252030202,3479755518016112419
00194252030547,5133806636422372149
00194252030882,13745380039237499989
00194252031223,None
00194252031568,5738884373436743181
00194252031902,2746398836303433121
00194252032244,1699662590523164148
00194252032589,4686332697656658975
00194252032923,6773284359035124224
00194252033265,15863109302014860684
00194252033609,11590001990989898330
00194252033944,17486921469921815204
00194252034286,12734971632153790863
00194252038628,None
00194252039984,16455922314512327885
00194252056097,None
00194252056554,None
00194252057322,None
00194252057780,None
00194252058558,None
00194252059012,None
00194252087367,7553889112831508553
00194252087480,770186510134689380
00194252091678,None
00194252092095,None
00194252097274,11624234980922695108
00194252097588,None
00194252097892,14801351697254501025
00194252098202,10596347795709338288
00194252098516,12664459195901657914
00194252098820,10319797500706852241
00194252099131,7525541658613902510
00194252099445,None
00194252099759,13349976837342828762
00194252100066,10653298644842852081
00194252100370,4330761046418316748
00194252100684,9298720891080046312
00194252122433,None
00194252122877,None
00194252124192,None
00194252124635,None
00194252125076,None
00194252125519,None
00194252125953,None
00194252126394,None
00194252128732,None
00194252129128,13712206748893682899
00194252145715,8853939087158786125
00194252146057,None
00194252146736,3370986413122123683
00194252147078,4358488019474463407
00194252147412,4608603541309053942
00194252157022,14172804982468501852
00194252159934,None
00194252165881,None
00194252166338,None
00194252166789,None
00194252167236,None
00194252168134,12183801819290557851
00194252168257,12372517558239160404
00194252168332,12389778669032810475
00194252168493,None
00194252168530,2921851016986179244
00194252168615,None
00194252168851,10205798054856264822
00194252169056,1614042887350526872
00194252169094,13190266681954286440
00194252169179,5572205313010697365
00194252169414,279971123647288509
00194252169490,2243700394876576398
00194252169537,14918176496891164340
00194252169575,7782958223066253614
00194252185339,3603587653788251158
00194252185605,None
00194252185872,10480578153667396000
00194252186145,5828703832202793843
00194252186411,1994361958908789083
00194252186688,10043896775593527670
00194252186954,12872683072878940359
00194252187227,16063239513169269877
00194252192467,3653402373692786820
00194252194782,12634964433382131292
00194252195055,16834772979354433328
00194252195321,15029601179607071740
00194252195598,None
00194252195864,11133150862062623294
00194252196137,6883306832710554343
00194252196403,10364428881547925649
00194252196670,6893450459319415120
00194252196946,None
00194252197219,5769010613073189191
00194252204139,12053762793347121938
00194252204436,9534965562802140527
00194252204733,1311490853221348165
00194252205334,12799093780235644354
00194252205631,9829545234606432870
00194252205938,13066041092905172450
00194252206232,2364840262547455064
00194252211601,7547015410429030994
00194252211892,463495852135965517
00194252212189,1546004976044760847
00194252212479,17434496920302847915
00194252212769,7846917403187543034
00194252213346,13004702867308750361
00194252213636,1913460022843833668
00194252213926,18180559394062331093
00194252214213,4784380013360682357
00194252220153,15164456964261007159
00194252238271,2449993454824697284
00194252244968,10246507306005017644
00194252245088,15059052792690255826
00194252245118,9103886609407470678
00194252406960,17331556719982884802
00194252429983,2139996497295564427
00194252430279,6735136209202994943
00194252430569,3487128968908307479
00194252431849,1150898186645827004
00194252432143,7636995696186739632
00194252432440,9102449928267975444
00194252432815,4383373835338440515
00194252433416,2172035031560215963
00194252438411,1966207907492432949
00194252438442,10218617405111623497
00194252438565,16840033528613352649
00194252438596,6771539952750262775
00194252438626,15876303233570409876
00194252438947,None
00194252440315,None
00194252440759,None
00194252458570,1360138102559709911
00194252459645,8623604622289256474
00194252460764,18043749276049049890
00194252467510,6950489304870352888
00194252467541,6957804459114158933
00194252507582,None
00194252509036,8465372055890081582
00194252515631,2889872618296311066
00194252515907,13571881251226068821
00194252516447,3584943170827972164
00194252516713,16208261745738792936
00194252521236,9491429351647918572
00194252521502,11708547066348692399
00194252522042,1135253790418995796
00194252527405,17352875114120369227
00194252528488,13824894471542407858
00194252528754,9323006425011272343
00194252529294,1997879106210714703
00194252542330,4281323890365137382
00194252542446,3739291367658218071
00194252542880,6356231214970393341
00194252543542,17146617733278051830
00194252544211,9474362843275299579
00194252654200,None
00194252689639,9595685719329929779
00194252689905,3263000906931157753
00194252690178,626048848296209608
00194252690444,12545172828680618853
00194252690710,12294363584707014991
00194252690987,7891059847648146664
00194252691250,17549853109753418083
00194252691526,16993046418043135249
00194252692066,17723770427332762730
00194252693414,6107993605155942727
00194252697900,16935698605096364894
00194252698174,3459521603429173815
00194252698440,6113719492675691119
00194252698716,6743997717973587523
00194252698983,2296592692515585483
00194252699256,3478935296982656128
00194252699799,14762954100279103006
00194252700068,6611059463383056015
00194252700600,4333411494295371271
00194252701683,3519106617749334477
00194252701959,15081629017580222611
00194252707203,12607071397228171537
00194252707746,6121046933635446403
00194252708019,11729259505991869112
00194252708286,5619839614316294513
00194252708552,1262794108509850022
00194252708828,16830616002223481173
00194252709092,None
00194252709368,5135436070332819983
00194252709634,7499024738531134293
00194252709900,15507325419493077497
00194252715536,5488550351068575413
00194252715802,None
00194252716076,12383637880069181481
00194252716342,13528185716389130194
00194252716618,13003417791436121715
00194252716885,7240683056487832368
00194252717158,6828336080735689319
00194252717424,8283601846756814517
00194252717967,14059155608658653168
00194252718230,None
00194252718506,14934775819582180809
00194252722398,3735693300231995799
00194252750612,7471768737591551611
00194252779538,12564092893473299838
00194252779569,2777658875276199938
00194252779590,2947328498090348933
00194252779651,11851626062129680597
00194252779811,7821567586929718824
00194252779996,818346800146551593
00194252780053,4948399895560990470
00194252780084,16669659877705682900
00194252780114,12654966602145492555
00194252780145,4188442040786212208
00194252780206,None
00194252780268,15298528353396664517
00194252780503,17825311080846009980
00194252780565,7261047531125607092
00194252780596,None
00194252780657,14018811474682605963
00194252780688,10666161349056124873
00194252780862,17048002252217138993
00194252780923,18167319204070284885
00194252781135,1771830927300432008
00194252781166,8928682857515827789
00194252781197,3027325872099877503
00194252781227,10376065407963806785
00194252781319,12575081856645303742
00194252781371,4867817958382824175
00194252781401,2630256231625763339
00194252781463,202280178095584592
00194252781494,880603368453000819
00194252781524,8586946248909077766
00194252781555,10944768616786857405
00194441170931,2294687287694104292
00194552079574,1416203093197540463
00194552133955,7822615462676081712
00194552263270,152021303738976804
00194552271046,10697184240088675488
00194552418694,8874769042262911020
00194552419394,3139732362724052348
00194632196078,2452792952702925363
00194721779243,None
00194778590792,None
00194778938600,None
00194850079580,17811478931385832032
00194850079801,15663759374059928273
00194850083044,6550463334425461734
00194850083655,15187038082593682222
00194850096761,2991599138872841794
00194850490156,14035504868481145174
00194850674457,9973780554963122391
00195042128802,None
00195042188394,16444777831717122158
00195042227352,15743760061248680184
00195042417371,3374937173870429895
00195042575101,None
00195042880298,None
00195042880304,None
00195042938715,None
00195042995107,None
00195122291396,None
00195122433482,13609717193734073943
00195122487614,None
00195122737191,16544377217702594260
00195122932015,11898238702241457352
00195122936051,12006144956724447800
00195161213977,14735443472090230686
00195161246272,18316967256685747402
00195161262739,18291666879378469368
00195161363788,17603459540290132355
00195161475429,13904733098464259876
00195161565922,None
00195161676529,2405100450686289331
00195161769825,6273745240031569188
00195161769986,6704748718259804934
00195161770067,6540076831545249160
00195161779770,None
00195161927126,2365924274897638702
00195161975325,11626371522552712427
00195161975370,16839285650463006178
00195161975578,7616683899045067573
00195235363683,1247055535015058505
00195235396384,4548593692877961484
00195235396933,8512648003619016525
00195235449073,16137570497945417556
00195235668931,None
00195235669471,14767585873630839205
00195235669877,17050873463592421437
00195235742570,12522942836241030559
00195235835470,None
00195235968857,None
00195348022507,None
00195348149693,17627240114845967688
00195348150293,None
00195348354554,4443309287680648964
00195348355964,10993448396908875779
00195348377300,17154000831562603452
00195348378154,6700276696617837295
00195348380614,None
00195348388955,17468471010030198256
00195348389525,None
00195348674119,14858873838695073131
00195348674126,659529766399863390
00195348723374,9189230920464919154
00195348834131,5063322904476954141
00195348990844,8647699933443748445
00195477004481,None
00195477004641,None
00195477257320,None
00195477332492,None
00195477617490,7627665705936539016
00195477617902,11042958785207418966
00195697015809,6985556986772578233
00195697142338,None
00195697142420,None
00195697150166,10027554948967772699
00195697224553,None
00195697603181,2213519103233430141
00195713017121,9134496672908061794
00195713176569,2821956225566903449
00195890139050,None
00195890412900,17135652249434680965
00195890440408,None
00195890941264,8256427514938346481
00195891124048,16378541339094505878
00195891168349,7945653526567783734
00195908077992,968355332819305514
00195908078395,13306127093467785347
00195908081869,1410302706263311515
00195908082187,9885114913034451108
00195908568865,7794633371164092935
00195908568872,18438312558624359867
00195908568889,3372761491659918394
00195908622161,6865124551320521208
00195908806639,13198151406935191499
00196068007546,None
00196068027216,None
00196068176709,17516330146659083581
00196068576424,None
00606449146059,2789899090278611557
00619659169688,14079712450390703851
00619659171520,12557061193151232240
00675901755658,None
00675901764247,11202841577700099607
00675901794695,None
00675901795340,None
00675901795524,None
00698813001057,233713463689380555
00698813003969,13108077702950919316
00711719321200,12098924184288237359
00711719331407,2953666971060422587
00711719374107,8632934566047768759
00711719387800,2121977337929836106
00711719396208,3699635597480596865
00711719399506,7091850120252842500
00711719407478,14450192845084973044
00711719706519,16835249460652852221
00711719710691,None
00711719722090,10623563067841769055
00711719801122,3519779340617119111
00711719808794,6899779197369887192
00711719812821,14392842249919815643
00711719816829,5991595962809345820
00711719818526,15596975528570134616
00711719821922,1912103607789004748
00711719826194,16217245044848607533
00711719827399,16486586553885805227
00711719827894,2660642413441671870
00711719837428,10936727336705839423
00711719870050,1274580120664023173
00711719894650,6891101927717137323
00711719924265,7404414516190406123
00711719951704,7993158842198158046
00711719966807,13008051732822535665
00713228271090,8872412678812703114
00713228271113,13577086168784025928
00718037824925,14894995596113473918
00718037850696,16371291787117946067
00718037856278,14766217002877422076
00718037856308,7283287629641783604
00718037856339,None
00718037865362,2081683540035682124
00718037865393,17343035786857717194
00718037868448,10350955452707949425
00718037868738,15353962292109994322
00718037868745,None
00718037868752,9250011203032299606
00718037869438,None
00718037869469,None
00718037869476,9755777308903638874
00718037870168,1240425722403805904
00718037872384,4498636007989252398
00718037875880,16920602614348383852
00718037875927,4175703303567374697
00718037875934,15268613985226003233
00725184104091,17796648842688812405
00725184104121,14391406546768263654
00725184104152,7474848745498083142
00730143309837,None
00730143309851,13715669835557301328
00730143309899,5804377383446888955
00730143309912,1502324824333785530
00730143309974,4685462570433836344
00730143311809,10484843316628810127
00730143311885,829400312292465236
00730143311908,17989482032628237075
00730143312042,16261573192465501123
00730143312110,None
00730143312202,None
00730143312264,16200480195780787589
00730143312646,12797118100462677690
00730143312714,91513153618333019
00730143312738,1487724521556311753
00730143312745,1241695243945151256
00730143313377,8480718567885358714
00730143313414,9964976069966159073
00740617211719,9527734081143509449
00740617211726,4926838632779684829
00740617212068,7674042459407693968
00740617223392,14868863080079753626
00740617230406,1012719848773081742
00740617230512,1730787660707415679
00740617233353,7439880554408103448
00740617235678,1133989074868011985
00740617235692,4690633142093714024
00740617239805,1601759115623716985
00740617243024,11293138905162564419
00740617248043,11263223979909611009
00740617249231,11864313778272842246
00740617253276,None
00740617255515,5937788303334059456
00740617258462,3143255615361927876
00740617258516,8849391136337166516
00740617261196,5651796220126044166
00740617261219,18074283436581982380
00740617263442,4719403977920348942
00740617265415,1324907028065056597
00740617267082,None
00740617268348,7431331751550908272
00740617274462,16610943817742184519
00740617275469,3210594824316475480
00740617277357,4317855500982660768
00740617277449,3895715168968307921
00740617278859,None
00740617279016,None
00740617280012,5688303331146952664
00740617280623,7217032951254690187
00740617284300,15231968741832898586
00740617286717,16376434394331813562
00740617286724,17827839568631614739
00740617288582,4383350598969088268
00740617288643,4300672909398640184
00740617288667,12694984789340966339
00740617289664,None
00740617289916,None
00740617290141,16246617402698238304
00740617290226,6273480731655073278
00740617293852,500213413898870743
00740617297904,6070637318638215807
00740617298055,16333835517705749808
00740617298680,6707071831564590920
00740617298697,12389122457720928203
00740617298703,None
00740617298710,None
00740617298727,17227662719816000964
00740617299809,16183072560649131663
00740617300116,4570187225445164096
00740617300161,5008016731919518086
00740617300253,9233356768703850430
00740617301182,225901551561167749
00740617301250,15759749784292045382
00740617301328,16901269039240532225
00740617301809,16599058188390562024
00740617302240,5014532573527963694
00740617303056,6903408921754680838
00740617303728,None
00740617304480,None
00740617304572,7340869778130834763
00740617304688,None
00740617305234,18134729043190314873
00740617305302,2487140576569625580
00740617305371,15933516076956376454
00740617307160,3493916695456990078
00740617307184,4767346145232065943
00740617307207,17452719949223191518
00740617308891,17845215428587108603
00740617308945,15311346037156720643
00740617309447,7101005942789721442
00740617309720,7600928136841565578
00740617309829,12675805511254191653
00740617309928,15559355206403423384
00740617310023,17445702232297621746
00740617310603,14153803013274533533
00740617310719,11866966436938704457
00740617310733,9054053356070190811
00740617310924,5533765435074823015
00740617311235,436095747975988363
00740617311341,3803831193329927500
00740617312225,2073544164116104109
00740617312300,3763490071533735912
00740617313215,12741726389904302099
00740617316681,11954452278476612015
00740617316841,12722900668100276690
00740617316889,10942519362815870427
00740617317862,8206884884385236362
00740617318432,None
00740617318487,18348304535830302690
00740617318562,1233177651570514600
00740617318579,13729068301009743280
00740617318586,9671830297805856939
00740617318593,6083499976552602037
00740617319422,11188857325397446960
00740617319651,16675189877355189169
00740617319743,14197113638191852996
00740617319804,None
00740617319811,15884176991796112256
00740617319828,None
00740617319873,5449469779459470712
00740617319880,14733392498445212206
00740617319903,2487710092355545623
00740617319910,5462402162305641874
00740617320152,11571391923832178330
00740617320176,14716882682852347937
00740617321142,11291742232748349501
00740617321159,None
00740617322064,4351234408250965511
00740617322736,None
00740617322743,16112044181069536884
00743878027402,None
00743878027617,4450639732685522761
00743878027679,16910777504727662784
00743878027730,None
00743878030624,10046974708215575623
00743878035704,7086406059216290023
00743878035773,11564951148475372200
00743878035803,6243048434922917440
00743878035902,5607205902751456897
00743878036091,None
00743878036176,5854826614444399312
00743878036220,3580706397791652989
00743878036343,11028936132058939115
00743878036503,14893480905715770991
00743878038651,6972620895407585131
00743878041057,14440828891011336360
00743878041088,11649231093286860607
00743878043839,None
00753759217211,16449414062421022432
00753759227739,16174071932951859115
00753759227852,1200215261909929826
00753759232542,13254537671114657623
00753759232702,13850703275741621659
00753759232726,3623154011279058799
00753759271824,2281283658848422681
00769498677568,5303549880183137852
00769498678077,2159078408546683151
00769498678084,3789949798530890790
00769498678107,16162798821447615360
00769498678206,2725895468409500120
00769498679395,8419008582906787367
00769498680001,None
00769498680018,8115389908621616465
00769498680025,2456249463635465176
00769498680032,9741188013938747491
00778656080607,17700694458938405836
00778656080782,3153043122690840290
00778656080843,None
00778656080935,None
00778656080966,17966263226565452239
00778656081260,8231039899317127848
00778656081482,2446814230833787974
00778656081512,None
00778656081536,3451835016951793662
00778656081598,12523286791366364748
00811071032148,14493689851853935174
00811138036973,10978750403527833432
00811138036980,5039191783163477674
00811138038670,4124489014178967445
00811138039813,4327415904815812485
00812674023045,258106668430644521
00815820020318,None
00815820020417,15731153163786327860
00815820021087,3942262194881117216
00815820021117,16042446087421736724
00815820021339,None
00815820022503,18012779224827263769
00815820022701,None
00817882025041,5873819167547970814
00817882027373,15803643087873295264
00818279024289,12026715222333983103
00818279025057,None
00840006602903,115266660898654328
00840006603047,10950976825443155060
00840006603443,1111133334633094857
00840006604129,14365353735898309910
00840006605133,7397963967800419894
00840006605584,2500913611983969597
00840006606321,9957615634932399993
00840006607397,None
00840006608547,5391883256833034359
00840006609124,14465902574971675839
00840006609834,13564571860760809545
00840006609872,17985889331811760749
00840006609919,3314262447079994316
00840006609957,2916969080282801161
00840006610076,9350594353232782612
00840006610113,12413665474254337152
00840006610274,13974626615649735618
00840006610311,10595748695865499428
00840006610359,13332159311372287181
00840006610373,179291016232546331
00840006610946,12902858094311632274
00840006611493,2894964550615701473
00840006611684,8474492119320540901
00840006613251,9276150916656129677
00840006614517,6637767091237839418
00840006614524,None
00840006614531,4621667934504176094
00840006614852,8961339857543490427
00840006615682,99722347955841089
00840006616016,9709507656485000713
00840006616054,3957874559810394655
00840006616214,16228489263549917020
00840006616672,13515996445900101344
00840006616689,2308038604582025688
00840006616696,3594116389937961926
00840006617723,10930848810960545825
00840006618065,None
00840006618584,9133139899420406988
00840006618768,16282295299126476085
00840006618775,3547620233058843021
00840006618812,14229893752237345807
00840006618935,4490219162789759139
00840006619079,15595362606587142012
00840006619208,17022851546575459923
00840006621003,3077841438661551335
00840006621867,18120416266880347494
00840006621904,6641184211776073682
00840006621928,4500757540423846516
00840006623052,14870458369739678283
00840006623069,10770985575373516016
00840006623274,5468010971237634984
00840006623809,5569149589687280427
00840006623991,18320111964973383282
00840006624080,2460854381309633452
00840006626633,4508472228316180753
00840006627470,17831754810449803098
00840006627494,5024919425381280338
00840006629108,18004344123838372210
00840006629146,8008212992477006030
00840006629450,16041503745363426876
00840006629511,13914344446509074170
00840006629535,11201956341984107797
00840006629573,None
00840006631804,2351001034414404629
00840006635314,None
00840006637349,2029078947128922053
00840006639701,10315274620108874938
00841667138602,13495798326410317300
00841667139920,16630784364286648145
00841667180021,5373196212272393301
00841667189314,15437897956801125835
00842776106193,None
00843591012751,12131352143354542666
00843591017244,219282295629183100
00843591019163,11934710271764664942
00843591019200,15094984493840908289
00843591019255,15816740220463475074
00843591021159,2358472014611297809
00843591024297,3861597606352226651
00843591024334,2069189872118911708
00843591026543,4821885041018657661
00843591028950,88784801125111642
00843591029681,15766966753465318168
00843591032278,13621444007760968223
00843591032438,4792838249121972229
00843591034562,5847183639888716837
00843591034821,8448310691201745161
00843591034937,2491301367365564673
00843591035156,7106755835959654422
00843591041904,597155734538868401
00843591045490,14006066413044271043
00843591045650,1233082909533990417
00843591050876,4218137180913975815
00843591057530,2501913626731486449
00843591057936,13543584545322005470
00843591058094,None
00843591060998,15266569170841816216
00843591061933,6020784856490812262
00843591063111,3744735718777495119
00843591063975,17663643601948307393
00843591069557,18434415357496058933
00843591069618,9905622597534927500
00843591070010,1607134934574184164
00843591070454,1339134308167186527
00843591075381,4200820016854709516
00843591075589,7097207178878635906
00843591076012,2786855219764305882
00843591076814,12043481917570872270
00843591077514,11418467354441278874
00843591078580,14948466155893803142
00843591078696,478094071471458312
00843591078719,8491465662251485952
00843591080743,672915055420528063
00843591082006,2924563236933420915
00843591085953,None
00843591088381,5020853887228364133
00843591089333,10263417171733502875
00843591091015,8543744831021211805
00843591091091,15257651359815435501
00843591091176,12308650653269088559
00843591091251,15161292393826111279
00843591093286,15785017235137306435
00843591093361,4011750973724680036
00843591093521,1087245950673853032
00843591094344,2088086762580004748
00843591095105,7261416088635340967
00850005352198,3109207495674129374
00850005352686,4441361723658294399
00850009447333,16764165133634685200
00850009447357,3210119464192093712
00850009447401,465136647456538242
00850009447418,8980866788372070556
00851607006403,5045536747768235974
00856235006290,11014490908110495353
00857372006969,12097740799824807403
00857372006976,5164499363511955149
00880778355010,10274884687539403311
00882780349605,17450386710157936440
00882780349643,2952441747810138580
00882780905207,14661921411398089354
00883585301508,18122900165112386542
00883585301515,18379375469191672043
00883585301522,706286503814420696
00884420588702,12001471763713641492
00884420854517,7553403882132711351
00884962161128,3224738514761496698
00884962161142,8827714885020071010
00884962161159,2264093252655698884
00885909561247,8277619698603787858
00885909575763,24530757266100607
00885909575794,None
00885909627448,12099826936292676390
00885909627646,13510503136045098499
00885909627653,9496651664844885628
00885909630141,11014088508811581676
00885909630172,4012087412168291791
00885909631018,6324533421718829909
00885909707973,None
00886111334957,12909312943022773271
00886111334988,2429984069034442412
00886523301646,7952076748837600307
00886523301882,14122016060540739115
00886523301929,15581397972531057459
00886523301936,4815103698493173929
00887758388723,5613290820777287173
00888462075039,17319173172088251977
00888462108454,16526746262728229835
00888462313711,10898421745878803898
00888462314510,6627581298681614026
00888462316026,1245924344350681832
00888462698429,675694095206501849
00888462756877,557410812070737328
00888462859189,1348539990095781237
00888793807507,14458917824930967650
00888793807514,2143616226613987268
00888793807538,8172489006022330272
00888793807569,558014437108062622
00889296154778,13383556680382009954
00889296544647,2736819747441804100
00889296544661,2723859938719215046
00889296544678,3699793869229195608
00889296544685,8571771461453508153
00889296544692,4120581590818178792
00889842196368,7569159139949226452
00889842481778,13668188686452310355
00889842481907,None
00889842536454,14545352951685496582
00889842536591,None
00889842611564,18325254652796664111
00889842611595,13458325326089399626
00889842613889,11024823608626467946
00889842628593,3434051380479379133
00889842640809,14800261753504965495
00889842651393,1316423279433129062
00889842657517,16303167402955073915
00889842657586,12199811133704834114
00889842668124,9025713729637407788
00889894442550,8695414132744324128
00889894797407,3233551930414344644
00889894797452,6871040893862599174
00889894860774,13560080482003512290
03362932913771,7337662769540623857
03362934001209,10554691238217316705
03660619409747,None
03700730500104,3584695428099986620
03838782043383,None
03838782108594,11255461837863489543
03838782164149,None
03838782303159,None
03838782326547,None
03838782534942,7201415359601588139
04002515825853,13125708882824006354
04002515826324,5241110837180547068
04002515826386,2134649171907717129
04002515832998,17942566119319312472
04002515833834,587781491961686572
04002516024354,14370486553963364106
04002516278108,16665419594349833241
04002516280156,10055930121492000495
04002516280330,None
04002516355304,7669436219913499680
04010118459030,38084047557689246
04010118474743,4829405583550046830
04010118710490,11459262253427351097
04038986117005,1380880509467243295
04038986117395,15477407228094108422
04038986118224,6694446475338792370
04038986119634,17406769024333775394
04038986119900,None
04038986138147,13447091655021749910
04038986146944,3550449220430958616
04038986147293,1580264207394948090
04038986147309,5312892321906573476
04038986147316,None
04038986147354,2632004023027157512
04038986148191,15897585242290701114
04038986148641,13691666279018276628
04038986166423,7750673003478491054
04038986186964,17097118366464097085
04038986187084,18274899580933001553
04038986187121,15437879839874815560
04038986187329,1834287718487622779
04038986187336,None
04038986187374,458264064626171643
04038986187381,6279910817736007829
04038986187961,None
04038986188081,8105068775736934014
04038986188579,11573901359283950230
04038986188654,10059967737808164644
04038986199902,17733473671889560335
04039621003011,15765486630843508090
04039621003042,9189104251107911463
04039784515086,10377056291644024518
04039784916586,17214765233302314325
04044155246636,9189650568235953855
04044155248821,5744376718024834572
04044155257267,3971072571610695835
04054278101835,2248649036730045313
04054278312415,4557847706913923153
04054278313085,4514467471343985962
04054278505510,14347037528278687469
04054278540962,9841607211795742358
04054278822129,14315116209719868736
04210201212577,1965585294430467095
04210201290810,17202821440831186781
04210201319399,10721271530140107085
04242003806364,8943298017498472678
04242003832660,None
04242005033690,None
04242005135707,14259713902793230086
04242005187942,6775560600423200294
04242005221431,8598793994195819575
04242005224357,8417464190701737985
04242005226573,5638150072062176935
04242005227679,None
04242005229093,8997960529574153749
04242005244546,15262612116751048556
04242005248186,16766053311727847496
04242005252398,8760588675254932521
04242005252930,10589000534428773825
04242005264445,3659582727451834739
04242005266906,14908418188930466690
04251442503253,11209739397178496669
04260169780816,1474110859960312952
04260169780823,6362263768272576982
04260195391437,5606417263462957472
04548736013445,7309818909278338614
04548736013544,14533643949699494907
04548736013568,11870347715090728248
04548736062757,None
04548736066755,10808066975595586211
04548736068056,5054981226659970676
04548736068124,8739151007488899756
04548736068209,12127863988602620311
04548736081055,None
04548736081185,12834051939503382693
04548736081246,9364615359173766081
04548736086265,10167197656178189532
04548736088818,1655320635054449352
04548736088870,None
04548736089204,5562745544291458604
04548736089389,12938770995898588110
04548736089648,13085570805013961753
04548736091948,9451086199253797145
04548736093126,13456951807989903835
04548736099371,258828494751779257
04548736100169,16249651856967670512
04548736101166,602752715473303612
04548736101210,7705036272110775912
04548736101289,1820636500479917833
04548736106925,14551223771982279114
04548736107045,15827356809301286490
04548736107120,None
04548736107274,13097385962815345523
04548736107670,16936952031824358817
04548736109223,11397547492638355399
04548736109315,16205951025612955421
04548736109414,15333703868489260548
04548736109827,16794076758495505252
04548736110250,10848999692229046460
04548736110670,7233093338414999916
04548736110687,9569783015969927116
04548736110694,6491650121454081135
04548736110700,13619396627215260367
04548736111028,2198009236840754742
04548736111073,3796271353724016300
04548736111080,4104892271983728168
04548736112117,10080178995025684596
04548736112162,16465563415596110057
04548736114760,13058347259677990561
04548736116603,None
04548736118638,6113596843383358846
04548736121140,1063613843504270102
04548736121195,377567543440128581
04548736121881,13071712502261826544
04548736122239,None
04548736122321,4433462961830745691
04548736122413,7210861193926870291
04548736122703,3960080062919790544
04548736122802,9208115308993601881
04548736123465,1437379001632103570
04548736123588,16008715542181461919
04548736124141,3332941520829404251
04548736124271,12724497003389365537
04548736124301,5967658902930125840
04548736124332,13574877351482963454
04548736124363,9447903855977573251
04548736125469,5346851968279679115
04548736125490,16646929413689365482
04548736125803,8593100675483282321
04548736125858,16073137333081550320
04548736125933,12453397325161628016
04548736131583,16107250744642979364
04548736132535,None
04710180318524,16561946681870779739
04710180363937,11595608576468432978
04710180364002,1986552604582026640
04710180589931,16330842045790168414
04710180704860,12182030419676915756
04710180752724,1864955602699559473
04710180796087,17333361373866204121
04710180807929,6290282555299455754
04710180826074,6109595148554093213
04710180827941,10571462752432995277
04710180829693,15251205541826710376
04710180865578,None
04710180869002,None
04710180951431,None
04710180960143,17182631540968036990
04710180969535,None
04710180993523,None
04710562240870,None
04710562241372,13320972062306090211
04710562241402,None
04710562241488,2435582082697012011
04710562241808,None
04710562241853,None
04710562241945,16206108489148260846
04710562241952,None
04710562241969,8774387613883820909
04710562241976,8111745428518910460
04710562241983,11821566813023233553
04710562241990,None
04710562242003,None
04710562242010,None
04710562242027,13210132723899609065
04710562242034,None
04710562242041,1833551355859186703
04710562242058,None
04710562242065,None
04710562242072,None
04710562242089,1356111394546956641
04710562242096,None
04710562242102,7873011570383594516
04710562242119,None
04710562242140,None
04710562242171,None
04710562242195,None
04710562242201,None
04710562242232,None
04710562242256,None
04710562242263,9056115603127622707
04710562242270,1907077153485232263
04710562242294,None
04710562242379,3103924727263824700
04710562242386,15003205296368555348
04710562242409,None
04710562242416,None
04710562242423,11996082162311724758
04710562242430,16228283455246533693
04710562242454,None
04710562242461,None
04710562242478,None
04710562242492,None
04710562242614,13699559059058123101
04710562242706,9812209525063882803
04710562242713,4767201895006692064
04710562242737,None
04710562242751,None
04710562242881,None
04710562242898,None
04710886007173,8105401481425303877
04710886076803,8982870779673488337
04710886160601,None
04710886179016,13793386494590788191
04710886235910,7282809387690826732
04710886240433,11444000383017290839
04710886248781,2526456818105016716
04710886257332,9160377588469902736
04710886257745,5092917576283242369
04710886280255,None
04710886286677,4829002666719938978
04710886287049,None
04710886302261,4554034927305192835
04710886317388,None
04710886354956,14780338236423535310
04710886355113,None
04710886359326,4062503564437764512
04710886366218,None
04710886384786,None
04710886413257,None
04710886415695,None
04710886420293,10767314758956091201
04710886420392,None
04710886420415,16821322028003768885
04710886431046,None
04710886450955,4964102602558612684
04710886468141,16435546104878454498
04710886474265,None
04710886478621,13089162563840078507
04710886517764,None
04710886558118,None
04710886584858,None
04710886594109,None
04710886641544,None
04711081002635,None
04711081033721,17353505429572576176
04711081037903,None
04711081043362,5114030846155750822
04711081053453,2087110234111293605
04711081089353,13415794065974257023
04711081093923,18223280383893768229
04711081094883,3535499122127277270
04711081103356,9153133411833978489
04711081109679,11197936814987548232
04711081119227,14856190279414390648
04711081119289,2954201090998741953
04711081123224,7840879493737252482
04711081125310,17702351069842812462
04711081127178,None
04711081128373,14024807747526055772
04711081130581,3683276372971067971
04711081160328,None
04711081169765,3209695137371486614
04711081169802,9722392234321946316
04711081169864,3673805600868676724
04711081195689,16569342420488821103
04711081222736,4138416383241189078
04711081242970,7970478710911796822
04711081243014,None
04711081243052,10954349789909541935
04711081309925,None
04711081310129,2607263612415623555
04711081310228,6059920819132613281
04711081310426,13963465825401700839
04711081321675,15133292579168715702
04711081321750,None
04711081322979,14693895230622330596
04711081326809,14254952754758096937
04711081327288,5119112144982904033
04711174723812,8167957674966325914
04712900272277,12033925582024815587
04712900508000,8086130793331776094
04712900663501,4933368701098924417
04712900714579,8399909053385082856
04712900846799,7856909839984955383
04713294223449,9240147136575119375
04713294223463,3824660164764301062
04713392260216,15839616190281617494
04713392929113,7072712888304780271
04713883936125,9268927421290358636
04716659342489,916370526770464651
04716659385080,33462720306833722
04716659557821,2545409385700107407
04718017039635,16981794933872591634
04718017044172,6421756955452719288
04718017064774,15854016885295419464
04718017080279,3031656007729621803
04718017080835,4596996841072701554
04718017105002,13976420575955474742
04718017116732,16299093500890960528
04718017119016,13364830741384551767
04718017122320,16125593885912625876
04718017122795,17672939228552510432
04718017128414,15681342262212649339
04718017128537,8179792042936820012
04718017175371,1713640260471247216
04718017177818,6746593999062972150
04718017245791,12809286674505072578
04718017273831,572143212896745866
04718017273930,1873313663296093356
04718017288668,6461937628905105687
04718017296762,11197873192399744989
04718017375917,17378278919245755498
04718017378505,4270928766632515735
04718017378956,8660285229647514087
04718017380515,None
04718017383998,1513989173021101332
04718017388450,12278108491241052103
04718017399135,6656018781934898166
04718017403115,11872512903649035585
04718017442053,10774891836098485947
04718017470612,10967006471583720025
04718017476799,9208661434449997355
04718017486576,4521935069411837346
04718017487597,3969592173458229940
04718017500272,3264624853101934498
04718017504744,12815472056330092289
04718017516396,7955828498348232151
04718017521741,16987659817590146144
04718017535243,None
04718017550994,11070866817944921023
04718017557726,16422584262602841153
04718017571319,16185610174027870813
04718017586696,10263303250984528706
04718017602563,11815525759053381846
04718017603614,4638594384213820625
04718017603652,16844785244781933981
04718017632256,16591713670338423755
04718017637657,11482761808054947755
04718017639798,13061787124867835288
04718017645959,15842482763249545210
04718017646086,15535796628971079116
04718017663939,None
04718017674300,7516480194345790196
04718017691826,18093150949222512182
04718017713696,18207942725141370670
04718017719735,None
04718017740494,17267613816622393883
04718017748773,8992669374477977730
04718017749435,14342241906866676525
04718017749688,12993626877598863053
04718017750264,12810520980484655055
04718017779951,None
04718017784047,5594039849366361621
04718017786379,7985960359151990086
04718017826600,None
04718017829168,13884364716238391020
04718017845571,5882638093566161364
04718017853200,9655868817691994295
04718017879767,None
04718017902540,5912575488210561350
04718017908955,None
04718017909297,None
04718017922814,None
04718017924054,10052517697886745013
04718017928618,9380873427226254783
04718017943796,None
04718017961615,1673913553592512371
04718017989688,9801442927572148897
04718017990202,661227721546236946
04718017993647,10284794439281761213
04718487708055,5351064428030069813
04718487710850,8989150510957308568
04718487716814,16777698293385421744
04718487719167,16382893451650200784
04718755076145,2522302945550841834
04718755079214,12147965599846671981
04718755083310,15216930362966276951
04718755083402,17108254404639368113
04719072611255,5439504219027628200
04719072652517,4379540977549361303
04719072658557,15331313349145228522
04719072658731,17368229848816949007
04719072667382,17407616650022545983
04719072677701,15793004876477708370
04719072681043,2807201421292099487
04719072681852,15422983464812688690
04719072686703,None
04719072697556,9990604028379294984
04719072697570,2562168666134876208
04719072715601,2372292122185392323
04719072718985,11481457983470948988
04719072719906,16919084300102314151
04719072722340,14607261594517504463
04719072723958,None
04719072727505,None
04719072727512,1606577782201212338
04719072727925,17735658707116330923
04719072728625,15238554328378778277
04719072728632,14245598041064705535
04719072730369,4239527070038596904
04719072731885,3694062098824908262
04719072731892,5824726666715549007
04719072732561,None
04719072733667,2131300993584190863
04719072744311,6398222020964038837
04719072752583,None
04719072752606,9068349481966676352
04719072754266,12584228760392645303
04719072760434,None
04719072762476,2939607926624191767
04719072762490,8050848513281723419
04719072762506,5072458689107857729
04719072780746,14494938698116063638
04719072780753,11689018962596025367
04719072782207,3848783112905935556
04719072791261,None
04719072792305,8160264462033559450
04719072793807,None
04719072793821,5199300667056217954
04719072794170,None
04719072796150,None
04719072796327,6156775075873092315
04719072800529,9078635150899178752
04719072801274,12842230036317164369
04719072806613,14475145729326989156
04719072807733,None
04719072807757,None
04719072813390,10953348036506712018
04719072816308,None
04719072816537,6939348371156268116
04719072821142,5955592712291452002
04719072821197,None
04719072824969,16080119530307060312
04719072827670,None
04719072828486,None
04719072828509,None
04719072828615,10516074687250563991
04719072829025,None
04719072834265,7478961120075115137
04719072843113,6886399275095960929
04719072850029,None
04719072850784,1759075668165886485
04719072852054,17569217550571535775
04719072852153,None
04719072852184,15930080413189178346
04719072852191,None
04719072861377,17000227014182360815
04719331307547,15046220606730496232
04719331307585,8278805235633639923
04719331307622,15413128519747149611
04719331307660,None
04719331308568,2254603683915226296
04719331308803,7552614593877942627
04719331309497,7526502944060052159
04719331805654,3510466336404043931
04719331806439,4337073743768781936
04719331809720,10355483157729674572
04719512064825,190733691607023082
04719512076163,17511661755973998520
04719512081853,14545042412204027258
04719512082751,4838622821495127750
04719512108314,12710957541076397001
04719692008732,4635431194275738442
04719692015419,7635821699684942041
04895173622427,7540656053343588266
04895173622465,None
04895173622496,None
04895173622823,3942158093576987942
04895173622830,5060315370951071584
04895173622854,9741777518641023272
04895173622861,None
04895173623189,None
04895173623196,13495493011754316581
04895173623202,3761790663039937235
04895173623257,12840067905413774318
04895173623264,None
04895173623356,7917632460030522541
04895173623455,None
04895173623462,17866927282536048758
04895229102781,14227413843415610696
04895229108226,12430861287972765784
04895229108394,10326433595242437958
04895229108592,4059291202585600035
04895229108851,15603768570756142821
04895229108929,5959704593452590098
04895229109650,7348150247007455553
04895229109841,4722955711670086999
04895229109865,3261403147908418271
04895229109964,4113371756153297398
04895229109971,2302702699171930213
04895229111912,16360951353395489696
04895229112612,2774828055517318978
04895229112629,2119385579662748376
04895229117402,16940442279396197958
04895229117419,15122888314189597209
04895229117440,14494227730173787008
04895229117457,11487656326502920398
04895229117464,14955588041800244808
04895229117549,10734162398756661190
04895229117556,2743786413842855987
04895229117563,15382251548033948347
04895229117747,11073158074138776592
04897076691340,15305762835205343634
04905524957013,17944767617719209333
04949268621298,None
04949268621755,15747816352032689520
04949268622387,3606776138353622722
04949268622592,1485819212351027020
04957812660471,1206151136816190080
04957812660730,None
04977766790482,9900812488967664885
05011423189499,690744090139146666
05011423191515,1934025484231798020
05013493384514,7899151540545244616
05025155034095,1454482340872073407
05025155046470,None
05028252617154,None
05032037065764,None
05032037075824,16363069203562425604
05032037119856,17811525760285656408
05032037131605,9939828301574350752
05032037131629,6032070691621285146
05032037141642,12770419860514938934
05032037150354,16567145044483249038
05032037151818,9091340548774866399
05032037151931,7568171302251531732
05032037155168,16742316250984639155
05032037167321,None
05032037167345,None
05032037171717,12753488991931657891
05032037171731,1038766795465750019
05032037171755,10044899703830477044
05032037172578,12905130930723754243
05032037175340,6493267356613028561
05032037186872,17387949723646706775
05032037186933,7902973381627435500
05032037186957,18016057315722618296
05032037186971,4121659284691068513
05032037186995,11964456485744299430
05032037187015,11980269023439241095
05032037187039,1653725409384648921
05032037187053,12959442274574514186
05032037187077,None
05032037187091,10298603061283495540
05032037187114,None
05032037187138,3419689452717880811
05032037188609,15850988135693139744
05032037188623,1488340771323973256
05032037188647,3931953634288556241
05032037188661,5184621623692823088
05032037188685,None
05032037188708,7155235678998534587
05032037188722,12414056133686965562
05032037188746,3415810654026476335
05032037188760,6919895745353697
05032037189163,13833473675366778076
05032037192620,1295982007920150559
05032037198844,4175424269448695531
05032037198929,15490608350460922433
05032037198967,15901122905851605883
05032037214865,1161258290007431814
05032037214889,18195889845694462923
05032037214902,9806596518001668044
05032037214926,9879152425936231716
05032037214940,14582025029218841762
05032037214964,4293968885998151393
05032037214988,None
05032037215008,9373264066668714869
05032037215510,None
05032037215534,9588407891850203622
05032037215558,7130076908745351217
05032037215572,18346977383196319729
05032037215602,8556956196738931419
05032037215626,None
05032037215640,12169621248251736095
05051794029413,None
05060216550022,13287039827432787644
05060301695058,1704726860087696309
05060301695065,54848202070444228
05060301695133,4952722251182229708
05060301695430,13185773299402247441
05060301695447,4590485063839222899
05060301695454,6221256876931324345
05060301695461,10593898361643083626
05060301695478,3110328604711095402
05060359287373,2363095346348899865
05060620350379,15057190158275952562
05099206008441,16157246265480105062
05099206021167,7219868373549133824
05099206021860,None
05099206021891,12613238586252523925
05099206023376,205729376096824354
05099206023383,4572701726267633754
05099206023536,181001315242609942
05099206023901,13931020929228046597
05099206024823,17623157654411273872
05099206025660,6262268773838971945
05099206027169,2463008129185249785
05099206027275,2293798201930998944
05099206027619,7447092381867114518
05099206028838,4560354893761860825
05099206028845,None
05099206029361,None
05099206032187,2326006149977609377
05099206032828,5798926032601156740
05099206038776,15061265024605080303
05099206038844,4763401014585373274
05099206039414,1754881379020411519
05099206041912,14458854245079682608
05099206045200,476893623960379044
05099206046849,None
05099206048782,1811121843729028924
05099206052123,6461410112261027229
05099206052543,18030342477407629768
05099206052574,13916622638732449681
05099206055506,13510275285182859828
05099206057302,18335321472147584982
05099206057661,17694562752902498022
05099206058996,7986264710290970028
05099206059030,5453079957183948398
05099206059382,2885092804932158667
05099206059399,13652525256620627481
05099206059702,6332997803341789980
05099206061309,16600513952855674387
05099206061460,3349664892454326087
05099206062528,11664309229208917792
05099206062856,7023504643423065415
05099206064027,6125679412060087186
05099206064157,10828226333078346609
05099206064171,1788010744777774602
05099206064195,15401549094318059004
05099206064201,9557794261863276743
05099206065062,None
05099206065086,3746157415571746177
05099206065949,15323447307640088649
05099206066199,956408660493939638
05099206066205,8782911099697715447
05099206066212,8864413921225135885
05099206066465,10666804165307176899
05099206066670,12988898344349413609
05099206066687,2752548885389045183
05099206066694,6950380134294641508
05099206066908,13262471686902442312
05099206066977,9038659267658331353
05099206068100,17155387240483084435
05099206069732,13531433789373273886
05099206069824,15163660975210252769
05099206069831,8083892201569016369
05099206069848,15287097102932168919
05099206069893,15680772193499737611
05099206069909,17292936282811437362
05099206069916,18188216093963072220
05099206069923,15006463165679383228
05099206069947,10578322605498405376
05099206070790,16444899680446464512
05099206071742,9868550733850606632
05099206071933,11705629452808759528
05099206072060,16550145351520371512
05099206072558,11334769315344456134
05099206072565,None
05099206072572,None
05099206072862,3285071445804619576
05099206073005,6643903027034843856
05099206073081,None
05099206074569,12611136451095210936
05099206074576,15244057098023129139
05099206074910,187332889707376238
05099206075023,8199082402591755492
05099206075078,3505034423305636498
05099206076747,17182765143665305374
05099206077362,16745213155931801797
05099206077447,10749971353669478989
05099206077836,12701142054043715206
05099206077850,13891756338725512005
05099206079724,15693572602480867746
05099206080102,4913085881925852122
05099206080270,245684452353714340
05099206080607,None
05099206080782,15465134185054175300
05099206081901,3712306957260151592
05099206081918,1853444937903531695
05099206081925,1055016023207652953
05099206081987,10387392127111350478
05099206082069,7872143791080963222
05099206082076,1574156818247038395
05099206082106,17322386527373248434
05099206082199,13476369926173460344
05099206082410,9904631220786490034
05099206082656,None
05099206082748,6298979032510621458
05099206082793,16569907819273375741
05099206082816,16569907819273375741
05099206083394,12814260193649422726
05099206083585,11194005537753680567
05099206083684,11627906937834016656
05099206083691,6687192165279348832
05099206083943,3678557438772968756
05099206084254,11379194565668178190
05099206085152,16083415483680495515
05099206085657,18228678482976353089
05099206085664,2424068994629034541
05099206085671,None
05099206085718,6869232497318704875
05099206085800,4502691934258939237
05099206085817,6872574989530319480
05099206085824,None
05099206085862,13557380531474372850
05099206085886,2302286705342939068
05099206085930,61962644366556636
05099206086418,3865987054423951042
05099206086562,4904150591459334229
05099206086685,1260182010176727663
05099206086883,14279440697552023760
05099206087187,3830713301389406783
05099206087583,18179322532400299269
05099206087682,12103116938360283647
05099206088306,1514252285173918757
05099206088580,1036790742296002296
05099206088702,2467955396296102728
05099206088719,7208791573051164231
05099206088795,5135513665378943187
05099206088979,15959424904900835001
05099206089167,12122310542476224227
05099206089174,9312003592262267674
05099206089532,9586791836492291056
05099206089549,1860095877884116447
05099206089693,4742801838716173508
05099206089815,14827799628307660916
05099206090026,9177891932885778512
05099206090187,None
05099206090422,15222302941107786012
05099206090460,16821839479277272040
05099206090620,13631437793193853605
05099206090781,None
05099206091184,16620009912697448733
05099206091733,5811528047163350187
05099206091788,2433989607784883649
05099206091849,9324701524664460485
05099206091856,6911596622286256556
05099206092150,10692372536011785585
05099206092273,13888865787115179509
05099206092280,14577769074183976244
05099206092532,11513160122643537038
05099206092655,6940839199488205977
05099206092846,142327426168900131
05099206092860,12269801940472682892
05099206092938,5444998181081792023
05099206092945,6426944313853518639
05099206092952,14929260712649712876
05099206092969,3307131460925357900
05099206093263,408505512382897190
05099206093539,11221341530281069525
05099206093690,10099510345458377303
05099206093843,16658673234411947525
05099206093850,3017047713916811502
05099206094789,5157060276353140826
05099206094796,2419203589247855921
05099206095007,653268616815287124
05099206095274,4769415572787527273
05099206095748,10467075979474527607
05099206098961,14166276543300271499
05099206098978,2092334974293794719
05706991014839,8446989215222682058
05706991014846,14919057066415687834
05706991020083,4589845361710526325
05706991020090,None
05706991020359,6047808262977039760
05707055046117,15245776498063432788
05707055046537,2740012336010942880
05707055047725,None
05707055048111,None
05707055048142,201435042460954219
05707055048203,1141879773691600862
05707055049941,12069581177841174480
05707055050619,None
05707055050695,13196339803906503016
05707055050725,None
05707119029568,9912394955662936549
05707119029605,10420331958386161318
05707119032537,1257666755771293954
05707119034678,3959645286355824631
05707119035637,9602469888419615095
05707119035910,11201677750005938207
05707119035934,18327668030198368292
05707119036269,13164714357243935214
05707119037846,14614441354441763337
05707119038041,2021555860090001603
05707119038362,13826286419940889897
05707119038508,None
05707119038607,6892317127403842995
05707119038720,3928854993478805560
05707119038966,16814957190050214345
05707119039147,14972720422642327643
05707119039321,17489159951184595885
05707119039833,None
05707119040242,None
06009880915897,10628122278595467052
06406383196103,None
06438373559674,None
06448638881983,None
06449283925527,None
06468118547024,None
06480574961077,None
06492793607889,None
06493709699455,None
06901443329922,7626533761970707170
06901443329946,175919330081001360
06921815609353,17426724164218130169
06921815610908,6621762666450107060
06921815612612,2651183728793268533
06921815613145,None
06921815615361,6648118038066795932
06921815615927,15632054273478682787
06921815615989,996468694599013417
06921815616047,2003658960971007628
06921815616856,12201714656699252108
06921815618423,16171061173953620052
06921815618430,8601900944532161755
06921815618447,865979822610360489
06925281928116,11389653459324315329
06925281928123,12310494871157489587
06925281956676,15372977447121789368
06925281959837,8182501922848960894
06925281959844,4164238616440105095
06934177705212,5895302729744747246
06934585683263,9210449074402169301
06934585683430,15074384717576239391
06934585683515,7595984709295555250
06934585684918,1594111891244977598
06935364010041,6464753085095042387
06935364010065,12851716679406109144
06935364021146,15072984675780910582
06935364021856,13914330456512376857
06935364022037,12825318445764475250
06935364052263,6886917389674205286
06935364052867,16961998015378619368
06935364080662,3818526261933548764
06935364080839,8842344385096906973
06935364081553,17782854289954069045
06935364085391,None
06935364085407,1571925366587840298
06935364086855,13431511633444746180
06935364088088,9927855917115276397
06935364088095,2658186273076199258
06935364088897,9667937651987588718
06935364089252,291875987339511448
06935364092382,2431281622527914253
06935364096137,7537977050600479845
06940447102650,11814665345711305913
06941565903150,None
06941565903860,1320061652176484786
06941565905178,2561566036204655148
06941565905185,11382151914264230000
06941565911209,17750894469057692453
06949710304289,3416878045135071519
06951613992012,6348540866896229881
06958265100307,1648974444885154511
06958265100413,5079696895680412472
06958265175619,12307179152249478092
06958265192869,5829464058251913122
06970443214712,3291458261744052262
06970995780055,16156385182548452069
06970995780062,17723478459555314789
06970995780086,4691673982725441497
06970995780208,3630642584513920099
06970995780932,6688405272152458566
06970995780970,14506144661297627787
06970995780987,17193817624155837468
06970995781090,17968313174682446005
06970995781359,4595234574460068816
06970995781410,18442503947318147659
06970995781427,14792422350200633557
06970995781540,3824896274425717073
06970995781601,15181578404349235463
06970995781847,8863170829500411663
06970995781939,11508508899591343646
06970995782073,17432702792484504105
06970995782585,13022090058579482429
06970995782592,297043516612945158
06970995783131,13613971096246716510
06970995783179,None
06972086398224,503641234005578802
06972453166494,3384269575018331741
06972453166562,None
06973734680098,7127976230326572214
07044876014306,7063325462630924497
07044876014313,14165219915846333594
07044876014320,2619269569518121620
07044876014337,None
07044876021755,18007846314643824565
07044876022639,418033477411734520
07044876033635,15273002576307450717
07044876057716,6485293356173905630
07070205300703,8336483714683896392
07070205300734,None
07070205300741,4040877550430972833
07070205300789,2357733438997983485
07070205300819,6962952814365414406
07070205300826,15256377212550843157
07070205300864,None
07070205301076,1715503608945488318
07070205301182,None
07070205400861,None
07070205500349,None
07070205500363,None
07070205500370,None
07072110551911,None
07072110552512,None
07072110553304,14509259766146119572
07072110553977,18150773552210348933
07072110554967,3899732872506481499
07072110555001,None
07072110555162,None
07072110560784,None
07072110560951,None
07072110561002,3065062120744384886
07072110561019,None
07072110561118,None
07090031104207,10620866977699927350
07090031109301,None
07090043250664,None
07311271700685,13487785334739922754
07311271700708,2261124757842114807
07311271701118,13954066519290574743
07332857500406,9079325280917435895
07332857501199,13773736388386994447
07350041084891,13524702290864870415
07350129410024,7267062072562230543
07350129410031,6976916330766129365
07350129410154,17416561197168627575
07391987807496,10830196075790462536
07636490063428,10650189987419738878
07636490063435,10865858662669522630
08004399325050,5761377372984042603
08004399326163,2878134567091980819
08710103567592,3540326470116276068
08710103659242,3552753393905663163
08710103698470,7805610987502225575
08710103701071,9471689130358057850
08710103701088,1319876196661039344
08710103727125,10937603531333108898
08710103751021,9702610771355592784
08710103751052,12946527636948219701
08710103753575,5862022450945307009
08710103786566,12398553942945738588
08710103792925,8787428672250446248
08710103795599,3750917308143563037
08710103795629,5334048327188326544
08710103797746,10358638442357696325
08710103800347,11806400144182064944
08710103803126,6383492835400073389
08710103805618,12034160895933814815
08710103805625,16379803238569386102
08710103810469,16146014179078075706
08710103817253,5240191715661764768
08710103821847,276761834317281051
08710103828556,3756798821838230358
08710103829669,12033388309416662765
08710103831648,17851852155267292812
08710103832690,15751612097184722802
08710103842224,7415510787934553842
08710103843818,6595669116002145142
08710103850366,11912682999575524343
08710103850793,5687646066509797246
08710103855262,10050478363385261625
08710103859383,326965863285836841
08710103859703,10403666129009960086
08710103864028,3335182697861123265
08710103865711,2990602781809394548
08710103873396,3459648332708418275
08710103874669,17785847048422146690
08710103878131,328056366913211746
08710103885641,3421156866621517746
08710103897835,5715703772208512868
08710103898122,12516605347252391635
08710103907015,14648578555184803804
08710103911050,11321742021261111919
08710103924005,7602322232325942648
08710103942399,2972719198795622094
08710103963707,3490189548203416670
08710103963783,4264330136275326671
08710103968214,173132639762663975
08710103970316,581299789338503690
08710103970873,15013314922466250759
08710103975502,625233353459140852
08710103975557,490099561957763640
08710103977216,17245465709761397425
08710103977223,8563707847079933255
08712581752590,10243996226442900375
08712581752859,16645641405188431318
08712581753719,12522514180962834816
08712581756413,7886817978556375154
08712581758493,13587766827587406287
08712581758516,8375224136177311979
08712581758554,17698002274319973449
08712581760069,17389964123088293451
08712581760816,13240228091876675003
08712581762193,17706669540899522228
08712581764197,13652215115585527464
08712581764210,8292049162274544585
08712581764272,2762527792387763875
08712581764296,5690851618412257686
08712581764333,2583483431829099453
08712581764357,10279956035833360199
08712581764418,15298210529440031371
08712581767273,4668820102029875711
08712581767334,10542747201789117744
08712581767587,2888974270102820873
08712581767648,7116767946051033400
08712581768119,15592432002567789245
08712581769840,6142941558581925205
08712581769864,3846942099232182599
08713439223972,1945551436731381578
08715946665146,3675094934452638407
08715946670867,8978161456948530775
08717755772428,8153914370684563503
08717755774125,None
08717755775757,7352057994549968024
08717755775764,9950608189116598945
08717755776594,10748855957909927941
08717755776600,13838389501790075044
08717755776754,8002206532201921803
08717755777119,13899157212109821484
08717755777126,6165618061376025404
08717755777195,10281633767977232804
08717755777201,8442632043994734553
08717755777256,16285780927871509939
08717755777263,2207694181686346478
08717755777539,4518582939276375602
08717755777829,149176775530087272
08717755777836,5709821882546347425
08717755777966,9449201918864828671
08717755778130,16371514337599770725
08718696154465,14632924864606451747
08718696166055,5383050692100905560
08718696167977,11757433224362758951
08718696168721,10556635674544390317
08718696170496,13412607627446210495
08718696170533,16226403485411537517
08718696170557,7230693390322213743
08718696170564,7788028532358949071
08718696170571,17856502198003102882
08718696170595,None
08718696170649,11717306498435506219
08718696170724,6829580666727498970
08718696170731,5691272897746869735
08718696170793,679628973326559550
08718696171530,None
08718696173992,17812057257477092209
08718696174302,17291022486961029210
08718696174333,12357001343071401426
08718696174371,3766380137895215517
08718696174388,13896818054534935398
08718696174517,9620604950540790809
08718696175477,11820187552275470169
08718696175781,7605399866252151384
08718696175866,None
08718696175989,3819103098893429124
08718696176054,17038216625019477664
08718696176108,6277040203875899738
08718696743171,7641352548177982512
08718699673109,2114651163599939161
08718699673147,4131138091616744430
08718699673208,6639798745753583113
08718699688820,9913570919535934706
08718699688868,8963871467567564508
08718699688882,14432873409918773591
08718699701352,11814054575929098524
08718699703424,7015446445080090940
08718699703448,12052409821968169917
08718699704803,12820683502730851908
08718699709839,11015800089186318229
08718699709853,5567086857594404296
08718699770983,16509519275732796819
08718699784751,None
08718699784799,3557195955261951393
08718863014738,8227174225976183383
08718863022771,9860136573932842603
08718863022788,3238191049104091782
08718863022986,12272787715872231224
08718863022993,7456599284625687086
08718863023396,3474281081652897301
08718863023433,None
08718863023440,None
08718863023563,7982265876156653070
08718863024638,10433843461968714592
08718863025642,None
08718863027882,None
08718863028285,1244468687978234903
08718863028322,9192651326020240780
08718863028339,11359120993415178723
08718863028346,12064533921480179872
08718863028360,3001267609533836539
08718863028834,582241812358651072
08718863028841,5222300346388069894
08718863028858,14070148819410292681
08718863028865,8901169238462270976
08718863028971,2734231014577332035
08718863028995,4398727323621169221
08718863029008,1382531673020396721
08718863029039,810111845491536721
08719514264465,14375493504805195162
08719514264489,15666434045775244827
08719514274617,10280439124920429125
08719514279131,13891724280299141381
08719514291232,14191597509715359320
08719514291355,5700696253781575683
08801643193546,3640180500374006647
08801643193591,None
08801643193607,1118682293727540653
08801643205317,9668218241013518369
08801643347512,4509841972110219543
08801643414450,18259194297726047804
08801643628079,15366107542229591069
08801643628086,14835500898633602059
08801643628093,None
08801643628116,5669394907871307538
08801643628314,11510797486057669934
08801643644796,None
08801643702281,10675321596341870004
08801643794897,None
08801643794903,9262611609789192048
08801643884543,7585215580121258467
08801643931421,11378490815875155537
08801643979379,1500566928317009750
08801643979393,12696164246886974022
08806087225921,5448725255620919703
08806087780338,None
08806087820430,8888688925408416793
08806090015212,18390294581381479742
08806090022661,16458981810652509105
08806090026089,7581533661580013405
08806090104473,None
08806090104527,3275343045092454565
08806090163968,16964666359773450990
08806090195242,3642521311006124784
08806090195266,None
08806090195273,14588329840730245790
08806090195297,1698553019623984198
08806090195303,None
08806090215711,5575524937910135334
08806090269264,14663167213578748573
08806090270291,2288090712184437817
08806090273902,15684588902478236936
08806090287503,None
08806090295539,None
08806090295546,3814637492763226072
08806090303470,445767555320580193
08806090312380,10705909729991155699
08806090312397,15675106394056791740
08806090312403,13716154333372256614
08806090312410,4122744628626166659
08806090312441,279456053589977497
08806090312458,4174684492884892571
08806090312465,16033609388788045765
08806090322761,None
08806090325694,4044207200908208154
08806090351679,8007185690947231941
08806090356919,13920513177701871622
08806090358265,14599101285087465378
08806090396007,11375228304470727887
08806090396014,979424541673995493
08806090396038,12064225067796350961
08806090422959,13419022116305406637
08806090423208,12814429193771864134
08806090423215,16989900975079410345
08806090424878,None
08806090461583,2694390355489981038
08806090461712,4625758612426780304
08806090486036,3137638069441472156
08806090526282,11836761869627903986
08806090542251,11778044597068760383
08806090545894,15623722485151203694
08806090545900,921768553802015644
08806090545917,4881113394706513509
08806090545924,17077159910268126320
08806090545931,1227791517586518587
08806090560361,2250760237788894668
08806090560385,2978899020784762492
08806090572210,12507073177298399519
08806090572227,8119810287767717650
08806090572234,16059096338936266887
08806090604522,10067387522455071541
08806090613333,17616996704980728368
08806090623585,1447093724723802583
08806090627774,17442799601143900816
08806090635632,7799341512425462232
08806090635649,13013039853400371788
08806090639562,6297832042356988190
08806090663932,7981662789813128858
08806090696534,10301250857688753724
08806090706219,11267497247335802466
08806090706226,14119459226418203386
08806090706646,4844482135128345935
08806090706851,12787669049359763578
08806090707179,7944819231064677633
08806090707315,1692869518513308495
08806090709753,661544500943127920
08806090714399,12125666565091859946
08806090714436,4930256624008238346
08806090715129,6790556404755220133
08806090724107,3184156682109208432
08806090725364,16076098992566793862
08806090725371,13430433898019573358
08806090725388,7647920480755476203
08806090725395,8100952519975167372
08806090725401,3995608627822272514
08806090741937,8608957088222623818
08806090745089,1106513863448309826
08806090745102,659523484370744090
08806090753008,215419050713301704
08806090753190,14676200475499887380
08806090759086,6894180356498991996
08806090759826,6006434645846329256
08806090792304,7320995873509925714
08806090830938,12243957051099719327
08806090830945,5486573220770415849
08806090839344,11335162728756492101
08806090839375,14554373545580981686
08806090839443,4232298065787439009
08806090839504,65246374880690105
08806090839566,14040742660655602951
08806090839627,None
08806090839795,3305389103132372688
08806090839825,12556203927452333418
08806090839849,9970467219319651406
08806090843068,17734441257225593388
08806090843136,2434338011600367785
08806090843150,1208691415330216475
08806090843235,3051870018937465310
08806090843402,13678615589770029119
08806090843600,6836484604171123802
08806090843730,10967853263085510339
08806090843778,16712766030206232242
08806090854019,14159786702003657363
08806090854040,5813827744634781292
08806090854453,None
08806090854477,4461939483760516766
08806090876301,15908006011668161601
08806090876325,1820089145239615928
08806090876349,6071174045625875848
08806090876356,10792447415049287566
08806090882180,15191875090827476107
08806090882371,5097535297794733757
08806090882630,18337122408753315733
08806090883590,1122911472696139399
08806090883965,513014811130824735
08806090884245,17474140684144118406
08806090885020,2035074026005126692
08806090885082,490050176061740169
08806090886638,14356585064797863775
08806090886751,11445540688006295839
08806090886911,8077018892581851744
08806090886973,12036845141275024499
08806090887147,10148604188181618890
08806090887321,1150034674646762765
08806090887505,16498666341595990481
08806090891229,7363692919734158867
08806090892189,1806623047500917203
08806090892349,2446781637354450378
08806090892776,14339419170368136122
08806090949074,16368465551355737800
08806090952616,25885444087909140
08806090952630,16539154163946254390
08806090952654,12718375282203545213
08806090961076,16109557663417792452
08806090962479,993647638376453153
08806090962530,7973247109609674176
08806090962905,11487977235236414376
08806090962929,4154398682561282307
08806090963049,2433833518487260933
08806090963650,14906390748780888385
08806090963988,18442852191681035559
08806090966873,9778576319815943042
08806090970412,10826395626626901967
08806090970528,7639184725378150985
08806090970627,7973258223305053851
08806090973338,4667897207461507635
08806090973369,14299039088127513894
08806090985539,1507180873602922406
08806090985546,6854802258299790654
08806090985584,12056748552293096425
08806090987557,4928433690883449249
08806090988004,13629572795534626098
08806090988219,1838159738721543254
08806091032874,11366531556413407537
08806091035165,11177016979291719419
08806091035189,17194852510009892198
08806091035417,5989714547624862249
08806091035431,9621981958941529650
08806091047342,6385023244115942635
08806091047397,10277952366697381459
08806091047847,None
08806091048301,1995400980191041146
08806091049247,11768452899592621889
08806091049452,18264047339675198840
08806091063885,2583159598615553206
08806091068651,7012918802997322500
08806091078001,None
08806091090713,4283557625071742973
08806091153067,None
08806091153265,None
08806091153593,10395924365202825460
08806091153739,9416002120540344747
08806091153807,3112645306492221763
08806091153876,4923197661163939324
08806091153913,14873683126903651822
08806091154149,None
08806091154408,13690323170385893453
08806091154439,16415609099457314594
08806091154514,6233097074325868937
08806091154590,12667264049502011953
08806091154620,17074580711102385935
08806091155887,9779468685374280261
08806091217073,13290858889443387737
08806091217110,9377131696125360607
08806091217301,13477123299903644917
08806091217332,1396856643037912443
08806091217387,7828896039623255343
08806091217431,13452682840895722569
08806091217875,4963350614527927286
08806091217998,18354567132016534627
08806091218056,7019079708905522443
08806091218100,14216558024625215074
08806091278814,6153298296828680605
08806091278838,7042010198755104432
08806091281609,17664483702734180047
08806091314697,8265166061423586003
08806092010581,None
08806092010642,3963263421568744101
08806092013100,None
08806092013117,13563072991355621755
08806092013629,8759097463215086981
08806092017245,17003423824739835409
08806092017252,9361385772532102793
08806092017344,14491620142245330860
08806092017351,17854230026761786931
08806092017979,971579897231970207
08806092017993,8747572407410415797
08806092020382,11221707360052631749
08806092034464,12665810406718946711
08806092050518,17052403737642478626
08806092050648,11940761577985782357
08806092050792,17631355590584936286
08806092052536,13823363715090566601
08806092052550,8201105197915058131
08806092075757,9391097950917565563
08806092075924,6332272423990806915
08806092076402,11108606735450592789
08806092076921,8508932909201377999
08806092076938,12642799678312778048
08806092076976,12208854941790765247
08806092078215,9826996198265403428
08806092081482,None
08806092089600,7340443198637509776
08806092089921,3222515995651428195
08806092096783,2596594313056204556
08806092114272,6078586830515354695
08806092119147,13848588913217663643
08806092119345,8418767418647487060
08806092172883,6304604949411659561
08806092174955,227121834976999728
08806092195882,1021633905767641597
08806092197343,11746574932276104470
08806092222373,15331403030794797702
08806092225114,4145914955874008002
08806092225152,1326469422298018608
08806092225251,146554852669789693
08806092225299,6345700064674335122
08806092231818,4567698280284597300
08806092231955,16800189273177120362
08806092232099,None
08806092232327,3984785250272636339
08806092259812,9945672602371754632
08806092260047,10853948052270941957
08806092260061,4859700307100604509
08806092260085,17278464202450756480
08806092261709,18160921550937040099
08806092261716,7949297069289647715
08806092261723,12964728944718483371
08806092265974,6351602885755446242
08806092266162,5445655694307256233
08806092266407,12073939074387512136
08806092266612,17152325653437448145
08806092269705,13479030950726220564
08806092276062,1281292014121081606
08806092276093,13714754029489468782
08806092276147,1760252690471357197
08806092286764,3816362897106659181
08806092298491,1276843284063856970
08806092507500,1541299575654480872
08806092507555,3559389353630608664
08806092510395,4389327156461233175
08806092510456,11313689540915458311
08806092510548,6119670312433101053
08806092510838,8154886662069415600
08806092522657,10488953011488421854
08806092522817,7174891688302299883
08806092523135,7905629746491627032
08806092523210,13922849095685214879
08806092555716,15376323912835431446
08806092557550,3538428500414070329
08806092559073,2155681016941098763
08806092559516,17571580085301109444
08806092559776,3348958816547121026
08806092560895,6451496078742755690
08806092561403,3144366714312917899
08806092581364,2823223657517186017
08806092581388,10624996232308444
08806092581999,3798810600642854279
08806092582019,12114671852027703383
08806092582026,None
08806092584785,8815213770732162000
08806092584808,7302807816746012783
08806092599093,14911136146697712855
08806092599109,12260527222918333691
08806092603707,3129485689383066802
08806092612792,9675198364342024193
08806092684225,577245386171517169
08806092684454,6283102788262421728
08806092743069,2913470908539169066
08806092743076,7317385751871063767
08806092766143,5747158287271771421
08806098112234,944562806626287614
08806098174164,10946064476600908432
08806098332939,None
08806098420957,236611321559401584
08806098421053,13127854262623873238
08806098466207,870637967456086039
08806098466214,4949564231770628912
08806098566815,14414863001008607902
08806098698479,6871151908874511961
08806098699773,12542205581845712868
08806098724659,17126773574422763285
08806098724673,9249844662108055854
08806098724703,18239306331120993820
08806098724765,10193167563304269396
08806098724789,17741977441107805356
08806098724802,None
08806098730360,1521065106997369210
08806098731121,16580623205581899583
08806098731312,1774625670969570045
08806098755363,17508095046854429081
08806098771332,2031910294427462507
08886419332534,9682435946255321864
08886419332688,8423440829723446111
08886419332855,16990470721423926619
08886419332992,8659418326626424695
08886419333043,6952143438198817741
08886419342885,6001785138209625067
08886419346210,10066846800926420691
08886419346241,2843787596086217144
08886419365297,6370297509692712264
08886419365778,None
08886419371816,1335761138292054715
08886419371854,13182263928255127616
08886419378129,12530521967371067481
08886419378310,8182185851439866600
08886419378372,1832364342100183497
08886419378396,2473344238618698198
09010018000184,10115178852618149581
10728658041608,None
50604096004284,9742767997947711391
50992060518012,None
